datetime,Temp,Supply_MW,Humidity,wind_speed
2017-01-01 0:00,275.59,13,92,3
2017-01-01 1:00,275.34,13,86,9
2017-01-01 2:00,275.56,13,86,7
2017-01-01 3:00,275.57,13,74,5
2017-01-01 4:00,274.92,13,69,6
2017-01-01 5:00,274.66,13,69,7
2017-01-01 6:00,274.14,13,64,10
2017-01-01 7:00,273.63,13,64,9
2017-01-01 8:00,273.63,13,69,6
2017-01-01 9:00,273.4,13,84,4
2017-01-01 10:00,273.4,13,84,5
2017-01-01 11:00,273.4,13,88,3
2017-01-01 12:00,273.39,13,69,9
2017-01-01 13:00,272.55,13,88,7
2017-01-01 14:00,272.35,13,86,7
2017-01-01 15:00,272.56,13,86,7
2017-01-01 16:00,273.57,13,64,6
2017-01-01 17:00,274.16,13,59,7
2017-01-01 18:00,275.16,13,55,5
2017-01-01 19:00,275.37,13,51,5
2017-01-01 20:00,275.57,13,55,4
2017-01-01 21:00,275.76,13,55,4
2017-01-01 22:00,275.36,13,55,5
2017-01-01 23:00,274.15,13,59,4
2017-01-02 0:00,273.33,13,59,5
2017-01-02 1:00,273.15,13,74,3
2017-01-02 2:00,271.89,13,74,5
2017-01-02 3:00,271.91,13,74,4
2017-01-02 4:00,271.09,13,74,3
2017-01-02 5:00,270.82,13,74,2
2017-01-02 6:00,270.57,12,74,1
2017-01-02 7:00,270.1,12,70,1
2017-01-02 8:00,270.08,12,80,3
2017-01-02 9:00,270.34,12,74,4
2017-01-02 10:00,270.85,11,80,6
2017-01-02 11:00,271.66,12,86,4
2017-01-02 12:00,271.19,12,85,2
2017-01-02 13:00,271.72,12,65,4
2017-01-02 14:00,271.91,12,92,2
2017-01-02 15:00,273.11,12,80,4
2017-01-02 16:00,274.96,12,93,8
2017-01-02 17:00,276.36,12,86,6
2017-01-02 18:00,277.15,12,85,7
2017-01-02 19:00,277.36,11,85,7
2017-01-02 20:00,276.96,11,93,5
2017-01-02 21:00,276.75,12,93,8
2017-01-02 22:00,276.36,11,93,7
2017-01-02 23:00,276.15,12,80,7
2017-01-03 0:00,276.13,12,80,6
2017-01-03 1:00,276.15,12,80,6
2017-01-03 2:00,276.76,12,86,4
2017-01-03 3:00,276.74,12,86,3
2017-01-03 4:00,276.38,12,93,5
2017-01-03 5:00,275.87,12,100,4
2017-01-03 6:00,276.38,12,93,5
2017-01-03 7:00,276.11,12,93,5
2017-01-03 8:00,276.37,12,100,4
2017-01-03 9:00,276.11,11,100,5
2017-01-03 10:00,276.11,11,93,6
2017-01-03 11:00,276.12,11,93,5
2017-01-03 12:00,276.64,11,100,3
2017-01-03 13:00,276.75,12,93,4
2017-01-03 14:00,276.75,12,100,4
2017-01-03 15:00,276.95,11,100,4
2017-01-03 16:00,276.98,12,100,5
2017-01-03 17:00,276.98,12,100,2
2017-01-03 18:00,276.93,11,100,1
2017-01-03 19:00,277.15,12,100,2
2017-01-03 20:00,277.17,12,100,5
2017-01-03 21:00,277.14,12,100,1
2017-01-03 22:00,276.95,11,93,3
2017-01-03 23:00,276.94,11,93,5
2017-01-04 0:00,276.98,12,100,3
2017-01-04 1:00,276.71,12,93,3
2017-01-04 2:00,276.15,12,93,3
2017-01-04 3:00,276.2,12,93,3
2017-01-04 4:00,275.35,12,93,2
2017-01-04 5:00,275.42,12,100,1
2017-01-04 6:00,275.39,12,100,2
2017-01-04 7:00,275.4,11,93,4
2017-01-04 8:00,275.13,11,100,4
2017-01-04 9:00,275.6,12,93,4
2017-01-04 10:00,276.16,12,86,6
2017-01-04 11:00,275.62,12,89,7
2017-01-04 12:00,275.65,12,93,2
2017-01-04 13:00,275.93,12,80,7
2017-01-04 14:00,275.37,12,83,10
2017-01-04 15:00,275.36,11,74,7
2017-01-04 16:00,274.75,12,69,11
2017-01-04 17:00,272.59,12,68,12
2017-01-04 18:00,270.98,11,63,14
2017-01-04 19:00,270.17,12,49,13
2017-01-04 20:00,269.15,11,53,13
2017-01-04 21:00,268.33,12,58,14
2017-01-04 22:00,267.74,12,57,13
2017-01-04 23:00,266.98,12,62,11
2017-01-05 0:00,266.75,11,67,14
2017-01-05 1:00,266.19,12,61,6
2017-01-05 2:00,265.76,12,67,8
2017-01-05 3:00,265.55,12,73,12
2017-01-05 4:00,265.12,13,67,13
2017-01-05 5:00,265.14,13,67,12
2017-01-05 6:00,265.14,13,67,12
2017-01-05 7:00,265.14,12,67,11
2017-01-05 8:00,265.88,11,67,14
2017-01-05 9:00,266.11,12,67,12
2017-01-05 10:00,266.14,11,67,13
2017-01-05 11:00,266.39,11,73,10
2017-01-05 12:00,266.38,12,67,11
2017-01-05 13:00,265.34,12,67,8
2017-01-05 14:00,265.33,12,67,9
2017-01-05 15:00,265.56,12,67,5
2017-01-05 16:00,266.15,12,62,7
2017-01-05 17:00,266.37,12,61,6
2017-01-05 18:00,266.77,12,57,5
2017-01-05 19:00,266.78,12,62,6
2017-01-05 20:00,266.74,11,67,7
2017-01-05 21:00,266.55,12,62,7
2017-01-05 22:00,265.97,11,67,5
2017-01-05 23:00,265.59,11,66,3
2017-01-06 0:00,265.17,11,66,3
2017-01-06 1:00,265.16,12,67,6
2017-01-06 2:00,264.56,12,61,7
2017-01-06 3:00,264.16,12,61,7
2017-01-06 4:00,262.9,12,66,7
2017-01-06 5:00,262.9,12,61,7
2017-01-06 6:00,261.9,12,66,6
2017-01-06 7:00,261.9,12,66,6
2017-01-06 8:00,261.9,12,66,6
2017-01-06 9:00,261.9,12,72,7
2017-01-06 10:00,260.9,12,72,6
2017-01-06 11:00,260.9,12,72,5
2017-01-06 12:00,260.63,12,72,6
2017-01-06 13:00,260.33,12,66,8
2017-01-06 14:00,260.33,12,66,6
2017-01-06 15:00,261.55,12,66,5
2017-01-06 16:00,263.16,12,56,5
2017-01-06 17:00,264.34,12,52,6
2017-01-06 18:00,265.55,11,48,7
2017-01-06 19:00,265.74,12,44,5
2017-01-06 20:00,265.76,11,48,6
2017-01-06 21:00,266.15,12,44,6
2017-01-06 22:00,265.35,12,48,6
2017-01-06 23:00,264.16,12,48,7
2017-01-07 0:00,263.35,12,52,6
2017-01-07 1:00,262.95,12,52,4
2017-01-07 2:00,262.74,12,56,6
2017-01-07 3:00,262.15,12,61,4
2017-01-07 4:00,261.63,12,61,6
2017-01-07 5:00,261.37,12,61,4
2017-01-07 6:00,260.88,12,61,4
2017-01-07 7:00,260.63,12,72,5
2017-01-07 8:00,259.84,12,72,3
2017-01-07 9:00,259.84,12,66,4
2017-01-07 10:00,259.84,12,66,4
2017-01-07 11:00,259.09,12,66,2
2017-01-07 12:00,259.09,12,72,2
2017-01-07 13:00,258.92,12,78,3
2017-01-07 14:00,259.13,12,78,2
2017-01-07 15:00,260.72,12,78,2
2017-01-07 16:00,262.94,12,72,4
2017-01-07 17:00,264.93,12,67,4
2017-01-07 18:00,265.55,12,62,4
2017-01-07 19:00,265.96,12,62,3
2017-01-07 20:00,265.76,12,57,6
2017-01-07 21:00,265.55,12,57,6
2017-01-07 22:00,264.79,12,48,9
2017-01-07 23:00,263.97,12,56,4
2017-01-08 0:00,263.15,12,66,4
2017-01-08 1:00,262.76,12,56,7
2017-01-08 2:00,262.35,12,61,9
2017-01-08 3:00,262.37,12,66,9
2017-01-08 4:00,261.9,12,66,9
2017-01-08 5:00,261.9,12,72,9
2017-01-08 6:00,261.9,12,72,10
2017-01-08 7:00,261.9,12,78,9
2017-01-08 8:00,262.61,12,78,10
2017-01-08 9:00,263.4,12,67,6
2017-01-08 10:00,263.6,12,78,6
2017-01-08 11:00,263.44,12,78,4
2017-01-08 12:00,263.14,12,52,6
2017-01-08 13:00,262.97,12,85,3
2017-01-08 14:00,262.81,12,72,6
2017-01-08 15:00,262.79,12,72,6
2017-01-08 16:00,262.96,12,61,9
2017-01-08 17:00,263.36,12,56,8
2017-01-08 18:00,263.15,12,47,8
2017-01-08 19:00,263.16,12,51,9
2017-01-08 20:00,263.55,12,52,5
2017-01-08 21:00,263.37,12,61,4
2017-01-08 22:00,262.95,12,52,5
2017-01-08 23:00,262.16,12,61,2
2017-01-09 0:00,261.96,12,47,6
2017-01-09 1:00,261.76,12,51,4
2017-01-09 2:00,260.96,12,56,3
2017-01-09 3:00,261.36,12,66,5
2017-01-09 4:00,261.63,12,66,4
2017-01-09 5:00,262.27,12,72,6
2017-01-09 6:00,263.08,12,72,2
2017-01-09 7:00,263.31,12,67,7
2017-01-09 8:00,263.86,12,66,3
2017-01-09 9:00,264.37,12,62,7
2017-01-09 10:00,265.14,12,61,4
2017-01-09 11:00,265.1,12,67,9
2017-01-09 12:00,265.86,12,67,2
2017-01-09 13:00,266.11,11,67,12
2017-01-09 14:00,266.68,12,67,9
2017-01-09 15:00,266.72,12,79,11
2017-01-09 16:00,267.12,12,79,12
2017-01-09 17:00,268.09,12,68,11
2017-01-09 18:00,268.91,11,68,11
2017-01-09 19:00,269.56,12,68,7
2017-01-09 20:00,269.98,12,62,4
2017-01-09 21:00,270.15,12,53,5
2017-01-09 22:00,269.76,12,58,6
2017-01-09 23:00,269.54,12,68,7
2017-01-10 0:00,269.55,11,68,7
2017-01-10 1:00,269.55,12,68,7
2017-01-10 2:00,269.77,12,68,1
2017-01-10 3:00,269.75,12,68,10
2017-01-10 4:00,270.12,12,68,7
2017-01-10 5:00,269.88,12,58,7
2017-01-10 6:00,270.39,12,58,9
2017-01-10 7:00,270.9,11,58,9
2017-01-10 8:00,271.16,11,63,7
2017-01-10 9:00,271.13,11,74,5
2017-01-10 10:00,271.34,12,84,5
2017-01-10 11:00,270.89,11,92,3
2017-01-10 12:00,270.85,12,86,7
2017-01-10 13:00,271.34,11,92,6
2017-01-10 14:00,271.56,12,92,6
2017-01-10 15:00,271.93,11,86,6
2017-01-10 16:00,272.31,12,69,6
2017-01-10 17:00,272.98,11,80,5
2017-01-10 18:00,273.39,12,80,5
2017-01-10 19:00,273.35,12,87,4
2017-01-10 20:00,273.35,12,100,5
2017-01-10 21:00,273.98,12,92,6
2017-01-10 22:00,274.76,12,92,5
2017-01-10 23:00,275.19,12,100,5
2017-01-11 0:00,276.16,11,100,5
2017-01-11 1:00,276.56,12,93,4
2017-01-11 2:00,277.79,12,93,7
2017-01-11 3:00,278.19,12,93,6
2017-01-11 4:00,278.62,12,93,10
2017-01-11 5:00,279.38,12,87,14
2017-01-11 6:00,280.15,12,87,17
2017-01-11 7:00,277.91,12,80,14
2017-01-11 8:00,277.64,12,75,18
2017-01-11 9:00,277.14,12,76,13
2017-01-11 10:00,276.44,11,69,7
2017-01-11 11:00,276.41,12,64,11
2017-01-11 12:00,275.66,12,69,10
2017-01-11 13:00,274.55,12,74,8
2017-01-11 14:00,274.55,11,69,7
2017-01-11 15:00,274.76,11,74,7
2017-01-11 16:00,275.76,11,69,8
2017-01-11 17:00,276.57,11,74,6
2017-01-11 18:00,276.37,13,74,7
2017-01-11 19:00,276.99,11,77,7
2017-01-11 20:00,277.58,11,71,4
2017-01-11 21:00,278.17,11,75,2
2017-01-11 22:00,277.98,11,69,1
2017-01-11 23:00,277.78,11,71,3
2017-01-12 0:00,277.59,12,71,4
2017-01-12 1:00,277.78,11,71,4
2017-01-12 2:00,277.99,12,80,4
2017-01-12 3:00,278.61,12,86,2
2017-01-12 4:00,277.66,11,80,2
2017-01-12 5:00,278.22,12,93,1
2017-01-12 6:00,278.88,12,93,2
2017-01-12 7:00,279.86,11,93,1
2017-01-12 8:00,279.88,11,100,1
2017-01-12 9:00,280.39,12,100,2
2017-01-12 10:00,279.12,11,93,3
2017-01-12 11:00,278.37,11,93,5
2017-01-12 12:00,277.91,11,100,6
2017-01-12 13:00,278.47,11,86,7
2017-01-12 14:00,277.22,11,97,6
2017-01-12 15:00,276.18,11,86,4
2017-01-12 16:00,276.13,12,80,3
2017-01-12 17:00,276.18,11,93,5
2017-01-12 18:00,275.57,11,86,3
2017-01-12 19:00,275.53,11,86,3
2017-01-12 20:00,275.98,11,93,4
2017-01-12 21:00,275.99,12,86,6
2017-01-12 22:00,275.35,12,96,4
2017-01-12 23:00,274.79,12,86,3
2017-01-13 0:00,274.55,11,80,3
2017-01-13 1:00,274.4,11,88,3
2017-01-13 2:00,273.57,12,80,3
2017-01-13 3:00,273.56,12,74,5
2017-01-13 4:00,273.15,12,87,4
2017-01-13 5:00,272.71,12,63,7
2017-01-13 6:00,271.9,11,87,10
2017-01-13 7:00,271.39,11,68,7
2017-01-13 8:00,271.39,11,63,9
2017-01-13 9:00,271.14,11,63,8
2017-01-13 10:00,270.14,11,54,8
2017-01-13 11:00,269.66,11,58,7
2017-01-13 12:00,269.66,11,58,5
2017-01-13 13:00,269.16,11,53,6
2017-01-13 14:00,268.76,12,58,5
2017-01-13 15:00,268.97,11,58,5
2017-01-13 16:00,269.57,11,49,6
2017-01-13 17:00,270.36,11,68,7
2017-01-13 18:00,270.18,11,53,6
2017-01-13 19:00,270.35,11,49,5
2017-01-13 20:00,269.56,11,58,4
2017-01-13 21:00,269.18,12,53,6
2017-01-13 22:00,269.04,11,73,3
2017-01-13 23:00,268.16,11,62,4
2017-01-14 0:00,267.57,12,62,4
2017-01-14 1:00,267.33,12,62,4
2017-01-14 2:00,266.96,12,62,4
2017-01-14 3:00,266.36,12,67,4
2017-01-14 4:00,265.62,13,62,4
2017-01-14 5:00,265.12,12,62,4
2017-01-14 6:00,264.11,12,62,3
2017-01-14 7:00,263.84,12,62,1
2017-01-14 8:00,263.35,12,62,3
2017-01-14 9:00,263.11,12,61,3
2017-01-14 10:00,263.11,12,61,4
2017-01-14 11:00,263.1,12,67,4
2017-01-14 12:00,263.24,12,73,4
2017-01-14 13:00,264.36,12,66,3
2017-01-14 14:00,264.98,12,73,4
2017-01-14 15:00,265.37,11,72,2
2017-01-14 16:00,266.57,11,73,4
2017-01-14 17:00,267.36,12,79,4
2017-01-14 18:00,267.76,12,85,4
2017-01-14 19:00,268.36,12,85,2
2017-01-14 20:00,269.15,12,79,3
2017-01-14 21:00,269.55,12,86,1
2017-01-14 22:00,269.75,12,79,1
2017-01-14 23:00,269.55,12,73,2
2017-01-15 0:00,269.14,12,79,2
2017-01-15 1:00,268.53,12,73,4
2017-01-15 2:00,267.92,12,73,5
2017-01-15 3:00,267.3,12,73,3
2017-01-15 4:00,267.08,12,73,3
2017-01-15 5:00,266.84,12,79,3
2017-01-15 6:00,266.33,12,79,3
2017-01-15 7:00,267.37,12,73,3
2017-01-15 8:00,267.11,12,79,2
2017-01-15 9:00,267.36,12,73,5
2017-01-15 10:00,267.88,12,79,5
2017-01-15 11:00,268.64,10,79,2
2017-01-15 12:00,268.12,10,79,3
2017-01-15 13:00,268.73,11,79,4
2017-01-15 14:00,269.15,12,79,1
2017-01-15 15:00,269.93,12,74,2
2017-01-15 16:00,271.15,12,74,2
2017-01-15 17:00,271.96,12,74,3
2017-01-15 18:00,272.15,12,94,3
2017-01-15 19:00,272.55,11,94,1
2017-01-15 20:00,272.55,10,84,3
2017-01-15 21:00,272.75,11,84,2
2017-01-15 22:00,272.75,12,84,2
2017-01-15 23:00,272.34,12,82,3
2017-01-16 0:00,272.34,12,82,3
2017-01-16 1:00,271.74,12,63,4
2017-01-16 2:00,271.07,12,81,4
2017-01-16 3:00,270.26,12,81,5
2017-01-16 4:00,269.82,12,81,5
2017-01-16 5:00,269.2,12,92,3
2017-01-16 6:00,268.35,12,79,2
2017-01-16 7:00,268.07,12,74,3
2017-01-16 8:00,267.82,11,74,3
2017-01-16 9:00,267.32,10,86,4
2017-01-16 10:00,267.07,10,86,4
2017-01-16 11:00,267.32,10,79,4
2017-01-16 12:00,267.32,10,79,4
2017-01-16 13:00,267.08,10,79,5
2017-01-16 14:00,267.76,10,92,4
2017-01-16 15:00,270.35,10,86,1
2017-01-16 16:00,271.96,10,80,4
2017-01-16 17:00,273.36,12,87,5
2017-01-16 18:00,274.77,11,69,4
2017-01-16 19:00,275.57,11,69,4
2017-01-16 20:00,275.97,11,59,3
2017-01-16 21:00,276.36,11,64,4
2017-01-16 22:00,275.76,11,69,5
2017-01-16 23:00,274.76,11,74,2
2017-01-17 0:00,274.13,11,69,3
2017-01-17 1:00,274.15,11,74,3
2017-01-17 2:00,272.53,12,80,3
2017-01-17 3:00,272.72,12,64,2
2017-01-17 4:00,272.34,13,69,1
2017-01-17 5:00,272.17,12,92,1
2017-01-17 6:00,272.59,11,69,1
2017-01-17 7:00,272.11,11,69,1
2017-01-17 8:00,271.79,11,80,1
2017-01-17 9:00,272.11,10,80,3
2017-01-17 10:00,272.03,10,81,3
2017-01-17 11:00,273.58,9,82,5
2017-01-17 12:00,273.16,10,82,7
2017-01-17 13:00,273.74,10,93,9
2017-01-17 14:00,273.74,10,93,10
2017-01-17 15:00,273.97,10,94,5
2017-01-17 16:00,274.14,11,93,14
2017-01-17 17:00,274.13,11,93,14
2017-01-17 18:00,274.37,11,93,12
2017-01-17 19:00,274.36,11,93,12
2017-01-17 20:00,274.56,11,93,12
2017-01-17 21:00,274.58,11,100,11
2017-01-17 22:00,274.78,11,100,10
2017-01-17 23:00,274.77,11,93,11
2017-01-18 0:00,274.58,11,93,8
2017-01-18 1:00,274.56,12,100,3
2017-01-18 2:00,274.56,12,93,5
2017-01-18 3:00,274.75,12,91,2
2017-01-18 4:00,274.4,12,91,3
2017-01-18 5:00,274.37,12,93,1
2017-01-18 6:00,274.13,12,93,2
2017-01-18 7:00,274.38,12,93,2
2017-01-18 8:00,274.38,11,100,2
2017-01-18 9:00,274.38,11,100,2
2017-01-18 10:00,274.38,11,100,3
2017-01-18 11:00,274.61,12,100,3
2017-01-18 12:00,274.86,12,93,3
2017-01-18 13:00,274.94,11,100,2
2017-01-18 14:00,275.17,11,100,2
2017-01-18 15:00,275.73,11,86,4
2017-01-18 16:00,275.75,11,86,3
2017-01-18 17:00,276.13,11,86,5
2017-01-18 18:00,276.36,11,86,3
2017-01-18 19:00,276.16,11,91,2
2017-01-18 20:00,276.15,11,86,5
2017-01-18 21:00,276.54,11,86,4
2017-01-18 22:00,276.15,11,100,2
2017-01-18 23:00,275.96,11,93,4
2017-01-19 0:00,276.15,11,93,4
2017-01-19 1:00,276.15,11,93,5
2017-01-19 2:00,276.15,12,86,5
2017-01-19 3:00,276.15,12,93,6
2017-01-19 4:00,275.89,12,93,5
2017-01-19 5:00,275.89,12,93,6
2017-01-19 6:00,276.39,11,86,3
2017-01-19 7:00,276.15,11,93,2
2017-01-19 8:00,276.15,11,86,4
2017-01-19 9:00,275.89,11,93,4
2017-01-19 10:00,275.64,11,90,4
2017-01-19 11:00,275.63,12,80,4
2017-01-19 12:00,275.42,11,93,3
2017-01-19 13:00,275.13,11,93,2
2017-01-19 14:00,274.75,11,100,3
2017-01-19 15:00,275.35,11,93,3
2017-01-19 16:00,275.54,11,93,3
2017-01-19 17:00,275.76,11,93,2
2017-01-19 18:00,275.98,11,93,1
2017-01-19 19:00,275.76,11,93,1
2017-01-19 20:00,275.55,12,86,3
2017-01-19 21:00,275.55,11,89,2
2017-01-19 22:00,275.74,11,86,5
2017-01-19 23:00,275.13,11,86,3
2017-01-20 0:00,275.15,11,86,2
2017-01-20 1:00,274.76,11,100,1
2017-01-20 2:00,274.95,12,100,1
2017-01-20 3:00,274.74,12,93,2
2017-01-20 4:00,274.66,12,81,1
2017-01-20 5:00,274.66,12,80,2
2017-01-20 6:00,274.66,11,80,1
2017-01-20 7:00,274.66,11,80,1
2017-01-20 8:00,274.66,11,79,1
2017-01-20 9:00,274.66,11,79,2
2017-01-20 10:00,274.64,11,93,2
2017-01-20 11:00,274.65,11,78,2
2017-01-20 12:00,274.66,11,78,1
2017-01-20 13:00,274.74,11,86,2
2017-01-20 14:00,275.34,11,93,4
2017-01-20 15:00,275.74,11,86,3
2017-01-20 16:00,275.74,11,86,5
2017-01-20 17:00,276.35,11,86,5
2017-01-20 18:00,276.36,11,86,5
2017-01-20 19:00,276.55,11,86,6
2017-01-20 20:00,276.75,11,86,4
2017-01-20 21:00,277.15,11,93,5
2017-01-20 22:00,276.98,11,93,6
2017-01-20 23:00,276.96,12,93,5
2017-01-21 0:00,276.55,11,100,2
2017-01-21 1:00,276.54,11,93,5
2017-01-21 2:00,276.15,12,100,6
2017-01-21 3:00,276.37,12,93,2
2017-01-21 4:00,275.91,12,93,1
2017-01-21 5:00,275.91,12,100,1
2017-01-21 6:00,275.92,12,100,3
2017-01-21 7:00,275.64,12,100,1
2017-01-21 8:00,275.88,12,100,2
2017-01-21 9:00,275.88,12,100,3
2017-01-21 10:00,275.65,12,93,4
2017-01-21 11:00,275.59,12,93,5
2017-01-21 12:00,275.9,12,100,1
2017-01-21 13:00,276.14,12,100,1
2017-01-21 14:00,276.11,12,93,1
2017-01-21 15:00,276.53,12,93,2
2017-01-21 16:00,277.21,12,100,1
2017-01-21 17:00,277.39,12,100,1
2017-01-21 18:00,277.78,12,100,1
2017-01-21 19:00,277.76,12,100,4
2017-01-21 20:00,278.77,12,100,4
2017-01-21 21:00,278.81,12,93,2
2017-01-21 22:00,277.56,12,93,1
2017-01-21 23:00,277.34,12,100,4
2017-01-22 0:00,277.55,12,93,2
2017-01-22 1:00,277.33,12,93,1
2017-01-22 2:00,277.12,12,100,2
2017-01-22 3:00,276.92,12,100,4
2017-01-22 4:00,276.63,12,100,1
2017-01-22 5:00,276.35,12,100,2
2017-01-22 6:00,276.4,12,100,4
2017-01-22 7:00,276.36,12,93,3
2017-01-22 8:00,276.9,12,93,3
2017-01-22 9:00,277.41,12,93,3
2017-01-22 10:00,277.39,12,100,1
2017-01-22 11:00,276.92,12,100,4
2017-01-22 12:00,276.89,12,93,3
2017-01-22 13:00,276.34,12,100,2
2017-01-22 14:00,276.15,12,100,5
2017-01-22 15:00,276.74,11,100,6
2017-01-22 16:00,277.34,12,100,4
2017-01-22 17:00,277.57,12,93,3
2017-01-22 18:00,277.78,12,93,7
2017-01-22 19:00,277.78,11,100,4
2017-01-22 20:00,278.2,12,100,8
2017-01-22 21:00,278.57,12,93,8
2017-01-22 22:00,278.56,12,86,8
2017-01-22 23:00,278.36,12,86,6
2017-01-23 0:00,277.74,12,86,3
2017-01-23 1:00,277.75,12,86,9
2017-01-23 2:00,277.15,12,80,7
2017-01-23 3:00,276.54,12,86,4
2017-01-23 4:00,276.15,12,97,3
2017-01-23 5:00,275.93,12,80,5
2017-01-23 6:00,275.66,11,94,3
2017-01-23 7:00,275.16,11,94,3
2017-01-23 8:00,275.11,11,86,8
2017-01-23 9:00,274.92,11,94,3
2017-01-23 10:00,274.92,11,94,3
2017-01-23 11:00,274.92,11,93,4
2017-01-23 12:00,274.91,11,93,4
2017-01-23 13:00,275.35,11,100,12
2017-01-23 14:00,275.36,11,93,5
2017-01-23 15:00,275.58,11,93,3
2017-01-23 16:00,275.97,12,100,4
2017-01-23 17:00,276.38,11,93,10
2017-01-23 18:00,276.76,11,80,5
2017-01-23 19:00,277.17,11,86,10
2017-01-23 20:00,276.96,11,75,6
2017-01-23 21:00,277.58,11,80,11
2017-01-23 22:00,277.36,11,80,10
2017-01-23 23:00,276.15,11,86,9
2017-01-24 0:00,276.15,11,86,9
2017-01-24 1:00,275.75,11,86,9
2017-01-24 2:00,275.56,12,80,5
2017-01-24 3:00,275.34,12,81,7
2017-01-24 4:00,274.65,12,80,4
2017-01-24 5:00,274.64,12,80,9
2017-01-24 6:00,273.63,11,80,8
2017-01-24 7:00,273.64,11,80,6
2017-01-24 8:00,273.14,11,80,5
2017-01-24 9:00,273.14,11,74,4
2017-01-24 10:00,272.88,11,69,5
2017-01-24 11:00,272.88,11,69,4
2017-01-24 12:00,272.88,11,69,4
2017-01-24 13:00,273.18,11,80,3
2017-01-24 14:00,273.15,11,69,3
2017-01-24 15:00,272.657,11,90,3
2017-01-24 16:00,272.657,12,90,3
2017-01-24 17:00,273.489,11,89,2
2017-01-24 18:00,273.489,11,89,2
2017-01-24 19:00,273.489,11,89,2
2017-01-24 20:00,273.59,11,89,2
2017-01-24 21:00,273.59,11,89,2
2017-01-24 22:00,273.59,11,89,2
2017-01-24 23:00,272.758,11,89,3
2017-01-25 0:00,272.758,11,89,3
2017-01-25 1:00,272.758,11,89,3
2017-01-25 2:00,271.316,11,93,3
2017-01-25 3:00,271.316,12,93,3
2017-01-25 4:00,271.316,12,93,3
2017-01-25 5:00,269.788,11,91,3
2017-01-25 6:00,269.788,11,91,3
2017-01-25 7:00,269.788,11,91,3
2017-01-25 8:00,269.749,11,88,3
2017-01-25 9:00,269.749,11,88,3
2017-01-25 10:00,269.749,11,88,3
2017-01-25 11:00,269.189,11,81,1
2017-01-25 12:00,269.189,11,81,1
2017-01-25 13:00,269.189,11,81,1
2017-01-25 14:00,272.475,11,91,2
2017-01-25 15:00,274.769,11,91,4
2017-01-25 16:00,276.34,11,86,4
2017-01-25 17:00,277.15,11,86,5
2017-01-25 18:00,277.57,11,86,5
2017-01-25 19:00,277.55,11,80,4
2017-01-25 20:00,277.37,11,86,2
2017-01-25 21:00,277.37,11,86,4
2017-01-25 22:00,276.98,11,86,1
2017-01-25 23:00,276.96,11,86,1
2017-01-26 0:00,276.75,11,86,1
2017-01-26 1:00,276.17,11,93,1
2017-01-26 2:00,275.75,12,93,1
2017-01-26 3:00,275.56,12,100,1
2017-01-26 4:00,275.38,12,100,1
2017-01-26 5:00,275.66,11,93,1
2017-01-26 6:00,275.38,11,100,1
2017-01-26 7:00,275.63,11,93,1
2017-01-26 8:00,275.66,11,100,2
2017-01-26 9:00,275.87,11,100,2
2017-01-26 10:00,276.41,11,100,2
2017-01-26 11:00,276.43,11,100,2
2017-01-26 12:00,276.36,11,93,4
2017-01-26 13:00,276.15,11,93,7
2017-01-26 14:00,276.17,11,93,4
2017-01-26 15:00,275.94,11,93,2
2017-01-26 16:00,276.17,11,93,6
2017-01-26 17:00,276.38,11,94,5
2017-01-26 18:00,276.37,11,80,6
2017-01-26 19:00,276.37,11,94,6
2017-01-26 20:00,276.17,11,80,6
2017-01-26 21:00,275.97,11,80,4
2017-01-26 22:00,275.94,11,69,5
2017-01-26 23:00,275.94,11,69,6
2017-01-27 0:00,275.76,11,74,6
2017-01-27 1:00,275.56,11,80,5
2017-01-27 2:00,275.15,12,74,7
2017-01-27 3:00,275.35,12,74,2
2017-01-27 4:00,275.4,12,74,4
2017-01-27 5:00,274.65,12,80,7
2017-01-27 6:00,274.66,12,69,8
2017-01-27 7:00,273.9,11,59,9
2017-01-27 8:00,273.42,11,69,12
2017-01-27 9:00,273.15,11,78,6
2017-01-27 10:00,273.14,11,59,10
2017-01-27 11:00,272.88,11,59,10
2017-01-27 12:00,272.39,11,78,9
2017-01-27 13:00,272.76,11,78,8
2017-01-27 14:00,272.92,11,74,10
2017-01-27 15:00,273.35,11,74,10
2017-01-27 16:00,274.12,11,64,9
2017-01-27 17:00,274.92,11,64,7
2017-01-27 18:00,274.54,11,64,10
2017-01-27 19:00,274.14,11,64,8
2017-01-27 20:00,274.38,11,74,10
2017-01-27 21:00,274.55,11,64,10
2017-01-27 22:00,274.37,11,79,4
2017-01-27 23:00,273.77,11,81,4
2017-01-28 0:00,273.15,11,80,4
2017-01-28 1:00,273.33,11,74,10
2017-01-28 2:00,272.92,12,69,9
2017-01-28 3:00,272.95,12,69,9
2017-01-28 4:00,272.4,11,86,5
2017-01-28 5:00,272.4,12,81,7
2017-01-28 6:00,272.39,12,81,10
2017-01-28 7:00,272.39,12,81,10
2017-01-28 8:00,272.17,12,74,4
2017-01-28 9:00,271.88,11,85,9
2017-01-28 10:00,271.92,11,79,5
2017-01-28 11:00,271.91,11,68,6
2017-01-28 12:00,271.65,11,74,8
2017-01-28 13:00,271.55,12,74,5
2017-01-28 14:00,271.33,11,74,8
2017-01-28 15:00,271.55,11,74,9
2017-01-28 16:00,271.75,11,74,9
2017-01-28 17:00,271.74,11,86,3
2017-01-28 18:00,271.75,11,80,4
2017-01-28 19:00,272.15,12,74,3
2017-01-28 20:00,272.14,11,79,8
2017-01-28 21:00,272.55,11,79,7
2017-01-28 22:00,272.15,11,79,9
2017-01-28 23:00,272.33,12,82,8
2017-01-29 0:00,271.95,12,82,10
2017-01-29 1:00,271.75,12,92,9
2017-01-29 2:00,271.92,12,86,11
2017-01-29 3:00,271.94,12,86,8
2017-01-29 4:00,271.63,12,86,7
2017-01-29 5:00,271.67,12,79,3
2017-01-29 6:00,271.4,12,79,5
2017-01-29 7:00,271.41,12,79,5
2017-01-29 8:00,270.92,12,79,5
2017-01-29 9:00,270.71,12,68,7
2017-01-29 10:00,269.89,12,63,12
2017-01-29 11:00,269.66,12,63,9
2017-01-29 12:00,269.37,12,68,7
2017-01-29 13:00,269.54,12,63,8
2017-01-29 14:00,269.55,12,58,7
2017-01-29 15:00,269.96,12,73,2
2017-01-29 16:00,269.97,12,68,3
2017-01-29 17:00,270.33,12,54,7
2017-01-29 18:00,270.57,12,58,6
2017-01-29 19:00,270.18,12,63,5
2017-01-29 20:00,270.33,12,58,4
2017-01-29 21:00,269.75,12,58,6
2017-01-29 22:00,269.56,12,53,4
2017-01-29 23:00,268.92,12,53,6
2017-01-30 0:00,268.93,12,49,4
2017-01-30 1:00,268.55,12,53,5
2017-01-30 2:00,267.74,12,58,5
2017-01-30 3:00,267.34,12,57,2
2017-01-30 4:00,266.88,12,57,3
2017-01-30 5:00,266.17,12,78,4
2017-01-30 6:00,266.11,12,62,3
2017-01-30 7:00,265.4,11,78,4
2017-01-30 8:00,264.44,11,78,3
2017-01-30 9:00,263.86,11,62,2
2017-01-30 10:00,262.61,11,72,3
2017-01-30 11:00,262.37,11,66,3
2017-01-30 12:00,262.12,11,66,4
2017-01-30 13:00,262.78,11,61,5
2017-01-30 14:00,262.5,11,73,4
2017-01-30 15:00,263.57,11,56,4
2017-01-30 16:00,264.14,11,52,3
2017-01-30 17:00,265.16,11,52,1
2017-01-30 18:00,265.55,11,48,3
2017-01-30 19:00,266.35,11,53,3
2017-01-30 20:00,267.36,11,57,3
2017-01-30 21:00,268.15,11,49,6
2017-01-30 22:00,268.15,11,45,5
2017-01-30 23:00,267.94,11,45,5
2017-01-31 0:00,266.75,11,49,3
2017-01-31 1:00,265.94,11,53,3
2017-01-31 2:00,265.52,12,53,3
2017-01-31 3:00,265.54,11,66,1
2017-01-31 4:00,265.33,12,57,6
2017-01-31 5:00,264.57,11,53,6
2017-01-31 6:00,265.59,11,45,4
2017-01-31 7:00,265.59,11,45,2
2017-01-31 8:00,266.41,11,78,4
2017-01-31 9:00,266.94,11,92,4
2017-01-31 10:00,267.94,11,92,5
2017-01-31 11:00,267.86,11,68,5
2017-01-31 12:00,267.98,11,85,5
2017-01-31 13:00,267.97,11,85,5
2017-01-31 14:00,268.12,11,63,4
2017-01-31 15:00,268.52,11,79,8
2017-01-31 16:00,269.54,11,79,4
2017-01-31 17:00,269.72,11,74,5
2017-01-31 18:00,270.14,11,79,5
2017-01-31 19:00,270.14,11,86,3
2017-01-31 20:00,270.51,11,80,3
2017-01-31 21:00,270.72,11,80,5
2017-01-31 22:00,270.35,11,86,4
2017-01-31 23:00,270.3,11,80,4
